personality,Openness,Adventurousness,0.5118681737966
personality,Openness,"Artistic interests",0.30169693857765
personality,Openness,Emotionality,0.11720725035139
personality,Openness,Imagination,0.27029581289312
personality,Openness,Intellect,0.99560967459706
personality,Openness,Authority-challenging,0.88938491374432
personality,Conscientiousness,"Achievement striving",0.45310517381422
personality,Conscientiousness,Cautiousness,0.73537533258713
personality,Conscientiousness,Dutifulness,0.52294913424764
personality,Conscientiousness,Orderliness,0.15325896874461
personality,Conscientiousness,Self-discipline,0.2526955967424
personality,Conscientiousness,Self-efficacy,0.47240759686855
personality,Extraversion,"Activity level",0.53749480811036
personality,Extraversion,Assertiveness,0.74938343826851
personality,Extraversion,Cheerfulness,0.010817990404276
personality,Extraversion,Excitement-seeking,0.11804120931605
personality,Extraversion,Outgoing,0.075536656237313
personality,Extraversion,Gregariousness,0.035640904154684
personality,Agreeableness,Altruism,0.38559063993981
personality,Agreeableness,Cooperation,0.51296765487721
personality,Agreeableness,Modesty,0.36197709073106
personality,Agreeableness,Uncompromising,0.69496598264619
personality,Agreeableness,Sympathy,0.58406498358979
personality,Agreeableness,Trust,0.3546631888741
personality,"Emotional range",Fiery,0.32819290394508
personality,"Emotional range","Prone to worry",0.21887166480995
personality,"Emotional range",Melancholy,0.71238040744786
personality,"Emotional range",Immoderation,0.62393790002078
personality,"Emotional range",Self-consciousness,0.66645907644652
personality,"Emotional range","Susceptible to stress",0.33851638748181
needs,Challenge,0.3839173554029
needs,Closeness,0.017227040137304
needs,Curiosity,0.43945056710388
needs,Excitement,0.10029727328547
needs,Harmony,0.0061819900251517
needs,Ideal,0.13051129654418
needs,Liberty,0.10868575616314
needs,Love,0.013528252916035
needs,Practicality,0.39379744231235
needs,Self-expression,0.033984651216713
needs,Stability,0.0033256575787338
needs,Structure,0.34037090287612
values,Conservation,0.0056382280366742
values,"Openness to change",0.19433084673758
values,Hedonism,0.055671544820171
values,Self-enhancement,0.053335534744498
values,Self-transcendence,0.10400956728536
